metrics/accuracy_top1,metrics/accuracy_top5,fitness
0.8698654770851135,0.973811686038971,0.9218385815620422
